,0,1,2,3,4,5,6,7,8,9,10
0,5.004549190719567,2.4777866870799152,-0.5470753686144664,-3.5354121988515668,0.18391232124508708,-1.2412696894477429,1.5189747217521439,-2.795568759686866,0.04117696087359113,0.08473127679440888,-1.038807254482629
1,0.04121228109885633,-1.2821386367119005,-0.057412352897551346,0.2277475454008021,0.18326392123494128,0.8750050457721672,0.2900297652052915,1.1639697612609898,0.3893885131103371,-0.4460314616124152,-0.09472730652020937
2,0.8172493238246691,1.590077182445468,1.5311205833746098,2.3731991260839016,0.13468878130594353,-0.7692365622667601,0.6356005030198115,-0.030287883558297913,0.2289560801374721,-0.2972872296400717,0.12750714952548484
3,-0.5992098384408695,-2.5201547237820137,-0.5201024409943479,2.7523876263391776,-0.41333493700894636,0.8094110262679207,-1.421102845413332,1.6781667076347142,-0.38032272056467875,0.22610769422215662,1.3013721385207524
4,-2.1423351996327127,1.7040731368231767,-0.34542807292602234,0.096874976837778,0.5020818381455386,0.2599615034575738,0.5212201382357209,-0.3682086760464142,0.5657117323470318,-0.670411120679132,0.3230545478595001
5,5.404439106701039,2.5040409568868283,0.9954269529174269,0.3656437121754929,0.8535756050892971,-2.1547927695996436,-1.802972153901938,-1.2753702065728718,-1.1393745193903,1.7081730903708172,0.02289729324054881
6,-2.0136814729121126,1.6135987530462081,-1.3819346742727334,-0.34514338990755605,-0.1705805597064165,0.6463533237867355,1.0670687537851637,-0.847478381511918,0.48366875482841526,0.30437381539361935,-0.9632199113290736
7,-1.775462286565989,-0.9067017906652974,-0.3849415244325515,0.18717378501384072,0.06881610904250486,0.7326832099993333,-0.5458414490655448,0.6070488385987113,-0.054623274015211415,0.6527082145481473,0.5028980860081934
8,-0.8008098946605011,0.7779334327967771,1.0553078234531914,0.6453981319847656,-0.2898215083922472,0.2617308766026213,-0.03338931969072956,0.029337409737788606,-0.07293143786780681,-0.5855240529082948,-0.545735987819656
9,0.14455332935340723,-0.6087040956731017,0.5977928038259981,1.0234164561667154,0.6419653134913106,0.09254086750564407,-0.5700977539674533,1.3171694158595606,0.6813083583530108,-0.8991022155547211,0.1384108094015006
10,-2.705949087253604,0.9012277256984492,-0.0772880734248275,0.25103700036537013,0.5326116148319306,-0.061593172212570726,-0.4293596196145873,-0.1939410152641818,0.3458181456380761,0.2487945321509928,0.7251651994979338
11,-2.843364703600209,2.188754790311528,1.3652826615986353,-0.27969028668938883,-1.9597566716945953,0.9847839513184479,-0.7986692745037989,-1.21192422928576,-1.1009879738589234,-1.5255344831694977,-0.3160708232133426
12,-2.6503137464834094,0.646479958722469,0.40125435619321137,-0.5589605890692875,0.8482953209358243,0.034488921949199794,-0.49713768866289104,-0.382626978387824,0.10098672723163052,0.06686101799531298,0.5468483608866326
13,1.096114925400652,-0.34315512396254366,1.0131168452930437,0.9761966109605615,0.9417182118137221,-0.6505738906350161,-0.6567882939623514,0.63310200248374,0.18846245185308247,-0.11734685278667932,-0.21773863969113183
14,-2.016242573305834,0.8178791880227111,-1.5990147074056809,-0.36199898490464255,-0.33482441151427733,1.7509800314038708,-0.7678225319884516,0.33894848911640146,-0.34386712332214775,0.904560214260914,0.04131032594031598
15,-1.4290913500157276,0.78399932755402,-0.348110283177514,1.1970180931122794,0.287248580528591,-0.3782792599669435,0.6487734867192126,-0.17324978266366214,-0.26160791882777445,0.3439428705943389,0.2882381458742942
16,1.6776767473156646,-3.3101736943976805,1.6835440564589366,-2.857763439255833,0.04278985470943702,-0.6141430054177701,1.194337773271193,0.7304771162235864,0.2520963810532182,1.226621845269572,-0.27475219718011357
17,-2.303474225462385,-1.5239392465125412,0.24095383603838963,-1.6683595345289188,0.5316349521010701,0.24759826336911125,-0.34845562651900797,0.40290869549332664,0.11020191190244698,0.185370458270159,-0.3058204850056739
18,-0.9667107539131459,-0.46796304727706595,1.0288846316289098,-0.8723914177883699,1.0429038341943233,-0.29491871151377547,-0.5587860340006001,0.20686936479341284,0.25310594065674724,-0.20423737147828602,-0.9364734101938621
19,-2.7767928827702333,0.1157525227005858,0.3137205886760629,-1.1446658467057678,0.7673048440767194,0.20245226563467578,-0.5802651587398298,-0.13738220081539324,-0.028442177258987577,0.2752971834172903,0.3478291057568475
20,0.09543272320638768,0.5116965290083342,-1.0164656504677367,0.5255015121503844,-0.06850608120174484,1.2413553552175582,0.6728114538282689,0.4589945365606568,0.04983704684573275,-0.034181559428433136,-0.46662936893001267
21,3.163956825650996,-0.2595926016842142,-0.7950692591959949,-1.4280982566325597,-0.12409180825869258,0.5735167073773084,0.3885222980205484,0.07217539943356972,-0.12429724183641684,0.6466536691492573,0.18387567035033708
22,-4.293356040968672,0.012697594010139366,-1.730376812677609,-1.7000245367437348,-0.7653475817817522,-0.35355097340408903,-1.2147482833797492,-0.9216760530541916,1.1583072110612085,0.6718644847013984,0.49363777783861107
23,3.5243610498861986,1.359956295767526,-0.3146081964895389,0.27485733414143276,0.35007486318117526,-0.38743194149671234,0.0985911576202595,-0.11845101558830332,0.02616317363777416,0.654559328657009,0.49614982396193186
24,0.8071816561329836,1.0381737386728662,0.0461024411884904,1.2207420980661465,0.042368243395200275,0.41867258720394446,0.138306491918449,0.41586805803654675,-0.061709018066253965,0.05165044362785341,-0.5484442351875344
25,-0.6109142365566497,0.044936060336461185,0.2623064053943106,0.41099195327405397,0.5851660159786137,0.18106016344510178,0.08708757848860285,0.46124991998863485,0.33285855553633575,-0.37359725934017163,-0.3004818961199195
26,1.5374262568684365,2.1274576585003664,0.535067235343584,0.034901807670987384,1.0764994246464898,-0.9425079725218122,-2.749691165142704,-0.5037123153862829,-1.0678050281285156,1.0612334801874974,-0.7696049029580531
27,-0.32865784549365296,1.6486063991863595,2.7079151850533036,1.0956433107632013,-2.9109161971030497,0.5415721641563167,-0.1843968810468755,-0.32641910650120753,-0.8702301747526827,-0.9900840127250266,-0.8426176309074291
28,-2.9102499183544306,-0.452567392925258,-1.1032263028121396,-1.7574330944229282,-0.13768049898511758,0.8404423470205221,1.1297514844679173,-1.1476366384740504,0.016543167373892775,0.3248969160086546,-0.8174672996884472
29,-0.946577766462517,1.8289932884166225,0.6339629268622332,1.9944177354624273,1.0415524460894743,-0.7930267091078682,0.94011879222491,-0.5430386702709267,0.4782327073211823,-0.2119136448028904,0.41650594707141486
30,-0.9598953560059105,-1.726166877468514,1.3853746188440064,-0.9166818787380644,1.1404419845642837,-0.2273806672698457,-1.363430285021346,0.8699807462644663,0.15552375089079526,-0.01315846242100178,-0.5009568853329918
31,4.147784528163227,0.46130576966935743,-0.7298470173259253,-1.4585163964816485,-0.10252283344947398,0.22125026968926106,0.04516858617340402,-0.154932726958177,-0.2425871391307708,1.041687385626016,0.45516177299768407
32,2.3297572002272755,-0.3019844178946206,-0.3676469702828953,-0.7775002781935928,-0.5459813041516272,0.8660772712042742,-0.04234372836028012,1.2078122679315602,1.3220426463639443,-2.024477328992068,0.21672906077568757
33,3.7058240484820995,-2.4087054179465928,0.1576515092761871,-1.6821403519394318,0.24029482546975975,-0.6149944407736174,0.4597388370625554,-0.35168166798065126,-0.04785743495627385,-0.8604307456038962,0.5936883828997008
34,2.4285243216138346,-0.19279992812233618,0.3317495033650523,-0.2747295376685412,0.41326950736828155,-0.2003237035416857,0.46410251390935875,0.44983304443548966,0.7890562442892326,-0.646525949780695,0.019648745174763907
35,2.8537445856509924,0.058518939467659646,-0.46570431167882276,-0.7132479919092817,-0.12666476789135478,0.3847977673218091,-0.13450280841165702,0.37391715359122263,0.5151822184307799,-1.1424199736808391,-0.023296919588269193
36,-2.861906526896631,2.726773647173759,1.9643416253295074,-0.24313932280730377,-2.661380982276184,0.9145354460180039,-0.8330904996388054,-1.6817227270479638,-1.4591066009718168,-1.898593930452843,-0.660794124641964
37,0.586578378063696,-0.5314897223817936,-0.7116297483565456,1.1161964837487264,-0.16148867224393362,1.2284019295372042,-0.768756958226242,1.6343801988043791,-0.07121802274598185,1.0095258286829223,0.20982234460115276
38,-4.422111369942522,2.231818253189304,-1.9242798978895654,-2.5498221993816705,-0.2735557881656515,0.8126444043835568,1.279331875424118,-2.3145512735422753,0.4973377908957814,0.0985387432988522,0.0825034403156813
39,4.476133668140705,1.2586975343818798,-0.7616917164536305,-0.8459630544154869,-0.19987018537903362,0.06184596458914042,-0.7456491776812572,0.22811129948760897,0.6055869772277723,-1.0915502391151788,0.6977363535840405
40,4.0402487447916675,1.390086282449918,-0.6186003322082757,-0.46617505807849935,-0.35583668534255847,0.18433920495514008,-0.3756593374884822,-0.2163311635396365,-0.31812376402911174,0.26746749139496734,0.19415373838434694
41,-0.7080169151537063,1.3251818366799881,0.747457110714024,1.9373481272158166,0.5914707800155359,-0.27259943264095887,0.29258979278276487,0.16989154019793853,0.3023552728793446,-0.2622513366486977,-0.062350342039945376
42,-0.11208100572086849,1.1704234784626792,7.922455839237782,0.2794705592231577,-8.23844909793094,-0.3688168148768783,1.0948905400381583,0.7869571913224925,1.2928963221861083,1.7354126496866658,1.1978377318590128
43,-0.19849703074253341,0.9459319828540662,0.17575741411980106,1.2738393729396353,-0.16057015916971654,0.4763792628492215,0.45884271502323526,0.3214860045776554,0.11075416030346596,-0.21570543497234337,-0.19956581194548673
44,2.5225952962896856,-3.776050121547121,-0.6896076187379938,-1.9433442680496416,-0.3934237540407783,0.225624770108152,1.072797909499802,-0.6367158019392241,-0.6493424319926328,-0.6255001860263145,0.38783433433601616
45,4.14660048930993,1.0709073756350675,-0.7282992732058363,-0.8221180752335263,-1.3943580819882802,0.8555415095161215,-0.09824137329074836,0.2276410331158677,0.36933937045781623,-1.344598165756012,0.3017450548712113
46,2.6301954565964136,1.7311058429644053,0.47662085857993586,1.6763970281520628,0.8685516708378828,-0.9552645895039824,-0.23543821343166405,-0.3702523651709775,-0.46309360222366114,0.8275656031711773,-0.612857599909626
47,-0.8579905424340931,-1.660521946800555,-1.0099801489381721,-0.5062175671225464,-0.32050772653869936,0.833393085952202,0.1301482919567258,-0.19443506176232278,-0.25895868377608927,-0.08480815789407277,-0.4636101474260481
48,-1.1820114028477875,0.3444242073616189,-0.34875987936227115,0.9765863082378429,0.24170769307908554,0.517975987520961,0.5961564545309816,0.05511727607724276,-0.03861903770596171,-0.14284832937444825,0.12439753043806719
49,2.980919207439618,-0.6567813970806946,-0.8503608481948873,-0.8581994532751516,-0.32057194576459835,0.28036545136208774,-0.05138084795437205,-0.6083265285979046,-0.9760358823354791,0.4170295666069138,0.3033973380479016
50,-1.6159102951585955,-0.46229386047200144,0.7165134792281362,-0.6001942360005151,0.9067952559172276,-0.18547111707323888,-0.4787856583744605,0.09518383672910041,0.2529272326493769,-0.1303394416482042,-0.4124545796967388
51,-1.041681481912162,-2.0872866301211292,0.8145038243961713,-0.12792515116226505,0.6796955728512791,0.30764393587643984,0.3493212390319053,0.5825211264206277,-0.14508689465023203,0.1103703298007115,-1.1258852986857883
52,-1.8488216530237258,0.24804872805362393,-0.5522168215706977,0.106089551029051,0.26448924899671955,0.9372549930128755,0.053123086698580894,0.015395149051703241,-0.2718317278462146,0.28769798477399616,-0.2339344942475909
53,-1.7585548594612088,-1.3045937875165383,1.7328148683791862,-0.7234465975132174,1.417854577563351,-0.7807914974937301,-0.3095958459330037,0.0253589049042889,0.2773969155011118,-0.15704405558076673,-0.4291661301495598
54,-3.244098570152127,-1.7642333992033503,1.475693658312489,-2.709495102388426,1.3322036560659116,-0.4967781511407427,-0.6367244915558455,-0.4358127752464664,0.4837640589403442,0.05328467608000678,0.16544264431178796
55,2.903495177745909,1.4380893100639196,-1.078369321560021,-0.5725477758672074,0.1411273402970669,0.4346886558760173,-1.001871337181719,-0.11364790937218174,-0.7394758874847179,1.1260972779081775,-0.5759698356433303
56,-0.23615817455844657,-2.080089510571176,-0.16433593351453848,2.2889833079926096,-0.0441192274086906,0.3128409787244249,-1.0828755114351942,0.8627190254869932,-0.6068035228979481,-0.5288120682989407,1.3590056692777615
57,0.09836949164230532,-1.5551760525755063,0.34295088873908797,0.4683771422723541,0.4207647585258619,0.10044112630673187,0.4847555769513948,0.23923843881677698,-0.3415555954417299,0.14254045006483557,-0.09280383472796065
58,0.7099075990708029,0.6768605494063026,-0.8975272309255957,0.2713648425135588,-0.03452317004643674,0.919450763590093,0.7825278164326331,0.28102076578415425,-0.279145031743983,1.2349218146470735,-0.179875144667086
59,-0.186619740652735,-0.37633470410346986,-0.15775734215102732,1.8709303513788815,0.03928499473176609,0.9360335100712992,-0.051311273084080206,1.135320998147688,-0.3156897738948716,0.45738474690313036,-0.003855802474511526
60,0.9278781203573887,1.1094078906171172,0.20470557810461287,1.007684923639806,-0.38751544050276876,0.30049240024691226,0.9326910073800133,0.27518677347170434,0.19803553685060643,0.5493476345714031,0.4006811196029831
61,0.06721371557553708,-2.367876231699248,0.5935504311765487,0.05006130292557312,0.5251339926493346,-0.08421878145195744,0.5651699299832617,0.2187499902110011,-0.5068364335990372,0.28361975640985193,-0.06433190663272435
62,2.879625107597078,1.742843540826814,2.1564107860047494,2.9744523448104365,2.0104745972453224,-2.999452870468538,-0.5618260319743523,-0.867414798787492,-0.1442244186140773,0.29054815790826194,-0.09246577938304108
63,1.8406183872873856,0.8566639824043538,-0.7810557246246053,0.10514745734911622,0.05259046850981037,0.684271890436451,0.46648942060545906,0.10716694221356735,-0.47951193241736056,1.3852363999562258,-0.48687775581205767
64,-1.4779382949476523,0.07609731618456196,0.3029978158741232,0.06884502491980032,0.7441467661719776,0.3207688742494406,-1.2262019439452438,0.5949856964192793,-0.026053130823222248,0.29638788024793966,-0.29526826425039143
65,4.0279394262108195,0.5051296803373809,-0.7008878314409472,-1.5450708815108982,-0.9564773844911207,0.6700015123793787,-0.04714791304793133,0.24929846639749778,0.28766880613404106,-0.1970672703280887,0.5322049116316117
66,-1.5134126233862202,1.0232462000354812,-1.5225306479248897,-0.4662676346664427,-0.44897027027549885,0.768586081149182,-0.5637114549396952,-0.13420550983066054,1.2133964197845366,-0.7641227723870372,0.8045680315723457
67,-0.7689220592962306,-0.6152223366600221,-0.8421051493020255,0.3183233695545761,-0.07934826920171506,1.48825381654706,0.3492189908568041,0.720446928699952,-0.32852122120976557,0.44667623235657766,-0.6003078213591043
68,-2.3690163859025817,1.2339534863608779,0.029471513093180315,0.026917178483835926,0.5735481544745321,0.3905613971841425,-0.6087819165408255,-0.2109589971910289,0.012990060207846873,0.04239615515896657,0.44855695093795017
69,-2.9864624585178503,-0.771282257811773,0.8866573199563245,-1.664014980834705,0.42810044660562274,0.25721596017209597,-0.5201359728351482,-0.18067814324444462,0.054055662074815256,0.2257874842268127,0.48680872730254443
70,-1.149005209959471,1.3278534703643963,-1.1952510306428212,-0.10542635204637085,-0.0658638048977223,1.3302273673843534,1.2691109121677966,-0.19679206156171866,-0.07651617939586254,0.5091260403271242,-0.5968371359765406
71,-1.8944503809312103,0.5391697698993598,-1.232254443774389,0.5412768843750616,-0.2206022435617781,0.8499944680637349,0.562798111881128,-0.5068373115431994,0.08447024424512055,0.3599472556748683,-0.44410485347442624
72,2.1290247602793424,1.7219208485674355,0.6319243327531421,1.6990676808785807,0.9592619725930294,-1.0768611275847422,0.044083464625460256,-0.4665200783809095,-0.3094008745875136,0.9194633315103545,0.08264107947000836
73,2.90865031602345,-0.4459124114101079,-0.5548510907560464,-1.8510285099857033,0.11571843938444067,0.3942059275280828,0.5908806181837535,0.04076568806846627,0.05725283092817056,0.6324819666667468,0.0036731314352269205
74,-0.5310204842445307,-2.6835809846833976,-0.5053847547402579,-0.30270318867735524,-0.1930952266959821,-1.5921246882116435,1.8005380976129248,0.19682937182547672,-1.9718200860992554,0.14214197946137958,-0.6127695002104884
75,-0.2662214443801529,-0.3759231311000701,0.08208824792467546,0.8912764639438784,0.391714545365172,0.5749328090253728,-0.48206733105039185,1.098938702015259,0.2073042224265713,-0.44226432055016174,-0.3381563143187578
76,-3.081009513049468,-0.35936125721511875,1.3306949221851754,-1.6206571878302891,0.6758602065585733,-0.3485297770477495,-0.6443371948070369,-0.2726740972547344,0.289079753350805,0.2114875037431572,0.6114798945234934
77,2.215374842547832,-0.8894887358227578,-0.07513074487457218,-0.08202629772201253,0.030759560854187403,0.011675505503102366,0.4598051955142734,0.08475213513858126,0.19088372902392695,-0.9232472401720017,0.2746651371376568
78,-2.6791785540287227,1.4057920656659812,-1.996932887513663,0.18649664222972973,-1.0345845508489264,-1.9524998948076553,-1.1204084306103816,0.6012458479353562,0.8098490284758642,-0.1613078757571566,0.8116149247169139
79,-2.546820514024205,-0.6302076222020823,0.0674966912508984,-1.0345626401289123,0.4430360113983188,0.2005308575275928,-0.4401638093796977,-0.5698805959265395,-0.26276041008528156,-0.11145261295652913,0.3956430599943252
80,-1.2538944434962036,1.155079454050423,-0.02752215439442064,1.1993405089729707,-0.4482720906001781,1.0121320084373555,-1.3654032293797616,0.7203448042814165,-0.22521049671142662,-0.33502650390234423,1.0364855974225327
81,-1.0665703435094451,-3.1883080980738647,-1.1206922137964364,1.748129661858755,-0.657009644918996,0.9631868106763454,-1.066056438155314,0.2884246392640072,-1.830030040257798,0.33588577177067247,0.9858051942805384
82,-1.3583381893853903,-0.0851035998471808,-0.722938776558179,-0.12922612427724783,-0.017100244361734403,0.8421238371559914,0.17794419686437363,0.42629590955427893,0.24087748816531915,-0.17908787552488864,0.1864715526429169
83,-1.8504559120971051,-0.7740771748803449,-0.40716034224091463,0.5944437400547633,0.11536294222728595,-0.07285867774135922,0.29563289530919346,-0.7975227902992608,-0.3450983641861282,-0.6671404409804479,1.167923266423059
84,0.9576048663131158,-0.4627591144402251,-0.6285817048863347,0.09544933528857795,-0.13834364393561646,0.8674440132828055,0.8728753660309514,0.4216910282873085,0.011674643271917839,0.09093809441013286,0.16191071892396783
85,-3.374151724882218,0.6190385844924337,-1.3263528967702205,-1.5044997705869385,-0.2517503252997334,0.4992229287901729,-0.6915722222734063,-0.3187783587078554,0.12277498613150407,0.4487998044944987,0.3461658204350626
86,3.8410537042371833,0.9878454970040399,-0.3838856647836678,0.20901656532325763,0.16952680960091548,-0.2625332022981353,-0.40049375993070385,-0.13071690502426525,-0.4879984287381787,1.0914469521147683,0.7120229386685109
87,4.946934134734324,-0.34440857982469153,-1.0773796995932086,-1.3446866248374214,-0.3310471508003816,0.10566524497107284,-0.3850118653658395,0.031102321189301653,0.3729590267951782,-1.207819378872658,1.3019335219595722
88,0.8244075637702823,0.6869471334302102,-0.6230855394347562,0.6494965486104255,-0.011722475477714552,0.8565590477347025,-0.10867481791481574,1.024421199975634,0.8952372473424837,-1.4437951280933954,0.09536604268019004
89,2.6594862207395957,-1.9924179733361447,-0.14542795761012933,-1.0635750994808209,0.10273578025750303,-0.045652131770339305,0.06447572531516746,0.01984337296112748,-0.5344458876121487,0.350812844143671,0.29921100039967186
90,0.7341940268423669,0.014521254598850487,-0.1818946226219072,0.9529026567121799,0.22636045161033977,0.48321679587367256,0.7680057526038269,0.449440187729452,-0.01751523123172843,0.34100043199366026,-0.1392426159262729
91,-3.9647458657054484,1.3305535748506527,-2.4480343185925615,-1.521946012442236,-1.124905051410274,-1.3806372330324728,0.5924397038316584,1.1856115220510621,-0.933474726102827,0.2823815360026719,0.09185351402917499
92,-1.7564319164737108,-1.9834264698410227,1.800688117790724,-1.754539067014586,1.444803203449129,-0.5891158329427421,-0.6455928441170566,0.16130408932826173,0.19746816704410533,0.037456867998650355,-0.8036756349099138
93,-2.9915360669667814,1.6206503102944594,-1.0889510523333403,-0.4921965348863797,0.03884850106867331,1.1587267906678365,-0.2734950355160278,-0.35677857987011224,0.15981253148213148,-0.14620450383019412,1.1125073026724561
94,1.2188249454314364,-2.4003399461378674,6.237158378443387,-2.657633779328806,-5.174429396136505,-0.6741041199907969,1.923481533791685,1.1471527650847726,1.7704756930422683,3.051045336859255,1.0803076428376786
95,0.6528449535156107,0.06424639559371079,1.921437007773076,1.3215559120408398,-0.9914691164622758,-0.5159886603362548,0.8306226257418033,0.08366750355779436,0.22006530241385322,0.06048559203437718,-0.016272806037541634
96,0.08519901702164964,0.8460882459975125,0.9463262088618217,1.103699159428107,-0.16236300459013828,-0.12105267556784173,0.2982052280555069,0.1744228972427954,0.19602445030793567,-0.057016493555769376,0.27007687443864264
97,2.3151967828438496,0.8808920727489963,1.4592756292737807,1.8560396483625852,0.9486592507379796,-1.498613776433266,1.2447720102611854,-0.2990724314907554,0.19443208638134377,1.0093854563458866,0.5217572285917547
98,-2.1305408942274044,1.2567415304573644,0.9009612233704986,0.08650551501502476,1.206725656666882,-0.8573995360610153,0.07858464386651148,-0.8682224956978192,0.5420344198342542,-0.4191593517180846,0.8232479272933186
99,-2.9329739994572557,1.0976394594098093,-0.9826958615785409,-1.389643761043855,0.14693692981424722,0.8215743344369574,-0.48732775974742176,-0.5557924400181866,-0.051485098596923615,0.5692193411551358,0.07887994486060153
100,-2.0150026726431984,0.0473821804329597,0.18612855653169724,0.03394776332912177,0.6111394576105474,0.055511424645812574,0.1591434256504877,-0.19175383489897416,-0.11134165391952758,0.15041447399249103,0.45564988336829987
101,-2.551178875737745,-0.9425708147859719,0.9612918753536666,-1.0057451432207374,0.5837606250896108,-0.3258501454087347,-0.34611161613507824,-0.6935667536056467,-0.2838498811315466,0.0003804153581004186,0.4561090941418945
102,-0.3682120925668825,-1.2466553660226316,0.1914969791046398,1.153785335492175,0.4114827895615171,0.1887347204012682,0.16129390696215073,0.4601591101473499,-0.5244829259111264,0.4100074238909914,-0.21219929166035556
103,-2.7114278938311567,0.7054102056836412,0.43571534887415897,-0.40591767261701317,-0.14288543861204234,0.3404057348144283,-0.48792431684798016,0.039629986348543186,0.14474380295796715,0.5122197072566022,0.749284579479175
104,-3.507517562671036,1.3698052410936405,-2.0951347874796022,-1.3200989329095,-0.6407553401030088,1.219358829876403,-0.7725127115599771,-0.17496120692617642,0.05420623638931005,0.5142871335034958,0.664006196641557
105,-0.7977252213802228,1.024149818904496,-0.5080367334316206,0.7796519868346717,0.25173041258592466,0.7002394516896914,1.7533814602616036,-0.23786774192970608,-0.021273879629621028,0.34696215779623546,-1.0542004899829258
106,-0.3184221381220939,0.847321387625688,0.9291128036422274,1.2647235885375632,-0.18167000291639365,0.3609173406947313,-0.7106378793946205,0.48677830393534793,-0.3473505585239116,-0.2999484495290478,-0.750459746968629
107,1.6951442816710924,0.5041200156047494,-0.6282982717764749,-0.3882526878495367,-0.19314433207779713,0.8335957592218213,-0.22766939521956456,0.19190332126248574,-0.5514919520450055,0.662739056043618,-0.9837218552280833
108,0.44763678538412605,-4.311596925864063,-1.703031763331139,1.6113519197815322,-1.1638897490549667,-0.8066915631142626,0.4215795508590042,-2.891785925221569,-2.135156703751065,-0.10642350494370108,-0.1335143173082581
109,0.6831057930175168,-0.5411483078125747,0.7526383847426286,0.5615661268944686,0.5892731641055242,-0.2396932937887735,0.5116534366568734,0.8009665266825913,1.0072454857302946,-1.3568573806007924,-0.4596948032243122
110,-2.093494330082409,0.270487081086889,0.8546052804415337,0.4696834133643175,0.6361548643134154,-0.43526326375808055,0.05959479136706497,0.19900492720544732,0.33404493182386885,-0.029024160562507208,0.5467841753038958
111,-1.2067154309215384,2.439064681273345,0.1548215137990351,0.7435611924585306,0.9052234042961063,-0.705246411039681,2.3542966042787152,-1.613457316353651,0.38570814188586944,0.06601391636433843,-0.28981199775353
112,1.078652783296497,0.2383633236126471,-0.4740245468008157,0.6163075358240765,0.007929436065535209,0.8396487713060781,0.18917608391920238,1.0800288954641208,0.8271182123479612,-1.2202880794647677,-0.12752103878385787
113,3.5833759102057163,1.0684750404265564,-0.4959749221434474,0.1516349909440758,0.057652571010152455,-0.04841067296262044,0.1391127230643504,0.2714450838773456,0.757864126610413,-0.9965061893840417,0.5420317028056151
114,-1.533500794253667,-0.8333020706286236,0.7565366893418634,-0.7778544193412572,0.9541849358034372,0.24832137541893076,-1.0897532574013544,0.6544855537507464,-0.01350466419084167,0.28812331003680514,-0.694276272203955
115,-0.617704668067851,-1.405723229070763,-0.3460418699349754,0.009664069608560723,0.09232923926987145,0.4089271741020552,0.6172094068539656,-0.07044504229012727,-0.6137741946511335,-0.08799887274130434,-0.0761380491633894
116,2.6256089463158956,1.1990052818486518,0.7044846786827161,-0.3890889259705396,1.2707177226400825,-1.1922981528466745,-2.6028775533805075,-0.07783029596706868,-0.47547416610818016,0.39339476410186464,-0.85361662324612
117,6.0249093033488546,0.9024401589926664,-1.5387244246670178,-2.0105053084420734,-0.4333552891543343,0.21632520792541818,-1.3023504172060418,0.176988952698727,0.8088822037610346,-1.9438521634622217,1.0373154469665016
118,0.35167153490739655,1.4846239162318042,0.6652927732337712,2.124158328003689,0.13904383059498684,-0.12187842625030451,0.820915238495398,-0.03484841807410883,0.010031088294717147,-0.10932492845779272,-0.14680283844476502
119,-2.511718699403138,0.41729247042985373,0.9760364606032531,-0.590760973623082,1.2092920481577587,-0.6857167407054463,0.12356299228788924,-0.5043248314569473,0.6192130948699479,-0.50542128823989,0.5398081191350799
120,-1.4759491027238654,-1.7919984763437395,1.6663560298837656,-1.0541441380709002,1.3787714026598679,-0.36154796678158446,-0.4256455547258412,0.5250967442278033,0.36930194546084816,-0.048024667968934655,-0.8860492457272162
121,-4.1940560707186645,0.8779768055984662,-0.2236091218401686,-2.669490347825754,0.7543129791888137,0.40902659984380596,0.0701621213301668,-1.6067799740493418,0.05482881428201282,0.006498560188217032,1.027247394632984
122,-4.185986305940995,1.6657370082107694,-4.755806017943363,-1.6407852085008243,-3.012277926102348,-5.1787078705101806,1.6795033698132622,4.337229251300344,-2.3468558406356683,0.07621563722272928,-1.0290763671394978
123,-0.7937809371053021,-0.5050522261340887,0.6156819478942297,0.1545863222589733,0.7906496760343531,0.08746520947092899,-0.12896285004269603,0.6322403765087641,0.33589029778301377,-0.1909126413546294,-0.28795451390547017
124,2.5746598249039425,0.6791769387230137,-0.9979784828278642,-0.3627824516660635,-0.404238206803615,0.9011304284596717,0.2718978544475313,0.16986566020887453,-0.2010753548953469,0.29140229772349197,-0.3151250420947602
125,3.6152899666719605,-0.3397448708419445,-0.38926867790444836,-1.9810569805552765,0.21088094619848452,0.08681539576801373,-0.7549239965092541,0.03775051593741752,-0.1960785653680848,0.28362332296083775,-0.38830121693976366
126,-0.09174051748751022,-0.5452482876858868,0.5391068558620664,1.925463447752102,0.397117071609772,-0.6882060036482702,0.8210222838935745,-0.8081127681323707,-0.6246487883607018,-0.3536631109496666,0.5573185924340389
127,0.502235646875875,-2.0017009029632953,-1.9999651001630712,0.4247395800313928,-1.2912270194376345,-0.8616532743376243,-0.014820679299668954,-0.9506489286210922,0.5423580944379388,0.007904466315619859,-1.0402350514619925
128,4.800114567896671,1.2320617580837092,-1.0173640711991856,-1.076755683859768,-0.6260376958295596,0.4228276298094596,-0.46355634595647166,-0.1333650448984939,-0.12645762785485054,-0.12313864213605637,0.4258916589417286
129,-2.583414019029627,-0.7698191255578608,-0.11581271610723501,-1.0869587837994517,0.28962849056353457,-0.45311203437155073,-0.1418404142133162,0.01115969129018705,0.24470007393407878,0.25049767318637356,-0.20621107835669233
130,1.0122336913103689,-4.42583318495326,-0.7386828604132667,0.8414658238404551,-0.5196817129220968,0.4456832256022632,0.7384957889511476,-0.7428437972581418,-1.5585851618693538,-1.4338238672492583,0.97137239429142
131,-2.2159490430896667,-0.6410362414783071,-1.1024624472267075,-0.29434928969349283,-0.24241413811835785,1.0291500533710356,0.04744915108432584,-0.03438053891304977,-0.4091376231360313,0.19837296595896906,-0.052431944989013574
132,3.1823976560572267,1.4497641479161598,-0.6629206436107316,0.12429966801624523,-0.26449658012955246,0.3394712074277053,0.2610935691974726,-0.1603936189816586,-0.3199705197011498,0.6726696228027417,0.2838322144947599
133,-1.309297220987834,-2.3264920214765126,1.3451841939178617,-1.3034021831098503,1.0770407710574337,-0.49919948062680075,0.28602630296433174,0.4653492833535319,0.22758877738179897,0.23348844913217331,-0.4439541782333942
134,1.0108735664481299,0.5695712923600262,-0.7371313886193906,-0.09554788850072261,0.1451884542674498,-0.2290174146670538,1.121744682300669,-0.6415763776980483,0.10621052997182279,0.39648722693213123,-1.4101237921318794
135,-0.8956678180067426,-0.05686838023561054,0.6198651658449669,0.7285551512991647,-0.7973792638096503,1.0808839851167313,0.08440920405063188,0.77583761559127,-0.28754358880829606,0.5832205514196211,-0.29497420253526785
136,-0.00738570818853315,-7.461805158789121,-5.515557839176603,4.48783084872379,-5.391913941328198,-2.991877362948881,-4.0830978670746365,-2.9552336638271908,4.116618077555004,0.8104753963374043,-0.72316729923803
137,0.01872193380626803,-3.562494926572782,1.5373684422030662,-1.9582556264498376,1.102762830097066,-0.5772574047910515,-0.3169874594581802,0.250399836053626,0.10346932341026997,-0.8111032919537413,-0.9411953055918757
138,-4.076457429190586,2.681598716627824,-4.1645921224853275,-2.0690428198221626,-2.64129516314023,-7.429791266630904,-0.10252408361310285,3.195560698803539,-1.2078992772459902,-1.380317180383599,0.6870247952264236
139,0.6018243378749728,1.0264372980983576,-0.487836296956649,0.7233978405135223,-0.4402778088258691,1.1215991927636493,0.22131143751203397,0.5521902023369123,0.03550157962518959,-0.5890400490469845,-0.9056854287310357
140,-0.6692807819310793,-0.3986540318164567,0.1148897101671243,0.34467363263343087,0.47302060197907325,0.21883864705754438,0.24389104796804417,0.5459899657417318,0.6739162471837651,-0.06756329050836755,-0.9266236149536649
141,1.496822117257694,-0.25285528985472594,0.6051291958138055,0.31277426702155986,0.265650107329534,-0.14784287178005262,0.9650015267441026,0.34371469207927857,0.4569850745463026,0.20050154130440276,0.3971410258857128
142,4.181806010030913,1.5259326860874014,-0.08582901575734213,-0.6454609229226628,0.1850442722074787,-0.5598344758026618,-1.25385510903209,-0.3551862080220502,-0.46953544291199456,0.7573142062842714,0.010986020704523567
143,1.0000931072554244,1.5375340289473218,-0.16973478798126876,0.14190324541436658,0.34154090669124487,0.20696639889991683,-1.2632821624828483,-0.04275418972803515,-0.6328079554797926,0.550845264597365,-0.750871577537634
144,-0.3668443079389668,0.71994833415161,-1.4079897024248753,1.3806780770173945,-0.544105996566481,-0.10188521810594829,0.0317097003396721,0.08550443713473838,1.0443123390986206,0.3652110128666015,-0.9085662849466569
145,2.881385083125622,-0.32243479854084633,-0.130404498181736,-0.9729483970555188,0.010087012378159203,0.14835497591349944,0.7436871271195409,0.4458000345559336,0.6366876796587988,-0.1162134119413603,0.44186064282485105
146,-2.8222802761367327,-0.09987851224975815,0.4529944437572377,-1.292920516186352,0.7713362099639077,0.061581599243488994,-0.15418164755573247,-0.27342103190807854,0.09891649684178072,0.11559454567881812,0.2528427212841452
147,-2.1001265651163123,0.2280765199693777,-0.946984853181866,-0.0963874209371086,-0.05490620943026068,1.1671059907724972,-0.060474245695403966,0.42736806614122697,0.03243586331405238,0.7421069535995932,-0.5689020580650285
148,-1.3029574201787872,0.8360252593689316,-1.4298460970383782,0.002130513058521108,-0.2923539315746427,1.6945013221352823,0.3136559999926722,0.4355041529508335,0.17795176214363861,0.06544121352997356,0.0604295039842927
149,-2.21195124298138,0.6935734486094877,-0.29864663384539786,0.06629155964075784,0.3315712021180228,0.33419177913958015,0.1801272376729275,-0.7748701682068686,-0.24786215787170413,-0.15845364589552732,0.34100152920873283
150,0.7617674583645685,-0.3117529694553416,-0.064686154131368,0.4364576505992874,0.24418563272892105,0.5588114306734419,1.0269296766661355,0.5482298546205431,0.21632820014860882,0.33129662289986317,-0.18196312573295667
151,5.344521278609893,1.4263691905680196,-1.1152599450468221,-1.5837542480200655,-0.6477056022330748,0.3353996650094325,-0.8119954429049903,-0.3936298964890286,-0.6448233567284202,0.941697679170687,0.6785828651111971
152,3.641350672165661,-0.4502235097332483,1.9976727983833782,-0.655372091646627,0.38207838889371254,-1.673097976769771,-0.36152481245174856,-0.2810386568093534,0.22703850077804216,0.14672979638368022,-0.08707872381336387
153,-1.6892321017035536,-0.31136227410736944,-1.6852413414988419,0.6258194719380953,-1.0409964940105747,-1.3383280207336352,0.7693698541433628,-1.9956835366428232,2.6880706041570464,0.017217502644073266,-1.5497749937785947
154,-2.5540893941213234,1.9582801881667717,0.32502816726767636,0.5121881227947731,0.8232573854507342,-0.3147946075920893,-0.6892078574791144,-0.7722763852260992,0.221720489323896,-0.1710731774653923,1.2087668114288217
155,0.14356780434556488,1.3557164317199608,-0.3371420024043102,1.437731732273879,0.33012284692401406,0.3911705220937506,1.0833049380902764,-0.2119906659474097,-0.23293996230059869,0.9074215295907349,0.10939200218134582
156,2.1644275566227194,-0.8204310303705274,0.9015576252074022,-0.8969210565728485,-0.6492659713961335,0.16416745545849895,0.6585860215245259,0.6338406546636073,0.2655913302617863,1.1675384686631316,0.3447901439999164
157,-1.868112063336571,-0.697657082109485,-2.6657409908800562,0.2621939604811505,-1.672703851038855,-0.2263510978322748,-0.6853427804113676,-1.3318701086766367,2.0852149095572257,1.0896551238672945,-1.639603154017131
158,-0.8191233679018002,0.10129052775751825,-0.8700704058920172,0.30707931644156417,-0.047620436250552796,1.437751856008728,0.5281627770326243,0.5630153897711203,-0.2415843744144527,0.5600152524407985,-0.6940232885896742
159,2.5801359013851632,1.181980640698042,-0.1425176127732731,1.2164318334262298,0.12828253223998887,-0.14395893194155002,0.7411940079018658,0.23495136082074983,0.7057209446507731,-0.8143364021010435,0.5653207901179502
160,0.4429106101080917,0.35826366706974705,-0.5656379835884281,0.5610616114482618,-0.06669583057722249,1.051976420028533,0.8831682653734949,0.5988259402218995,0.3733504982891841,-0.44875437918691646,-0.4931262867305224
161,-0.17771311984708085,0.8586733033144438,-0.15362845471487116,0.9683222901592179,-0.2863146686880417,0.9863403479768977,0.31978821135449126,0.4898428475824987,-0.2157879425206328,0.2697315549120817,-0.7229851525864268
162,0.21624499905246175,-1.8667111865930828,0.5796859111520452,0.8316781692010163,-0.1605661640171414,-0.21027181701798411,0.8940185311359974,-0.14509405161974362,-0.3919348092334206,-0.20007554484559772,-0.0656305053341689
163,-1.6669629174312346,-1.8352631952128255,1.757068745141591,-1.1915969594519815,1.0589727269486366,-0.30771082078253753,-0.2864807430499571,0.5133294260040628,0.3673679505239017,0.03240694079463315,-0.7451300464295092
164,-1.9248292732743038,-0.48286656467120476,0.4002928988519639,-0.7739767651555524,0.6973696372238768,-0.08888684004902075,-0.06442706060507399,-0.5793217836851882,-0.22919205765787926,-0.07531289730923688,0.03602760386047698
165,-1.354442011397695,0.7288984783028359,0.36085856181776127,1.5199702688283694,0.7530779188610799,-0.3496510759721545,-0.1580755699082306,-0.047267113441917565,-0.1961516455548613,0.14072352190767728,0.43990196668445364
166,-0.6228617861022103,3.165971310343615,1.6923285093700813,1.7935187064240388,1.8881719587679815,-2.6706547407577514,2.0860054498613225,-2.241253451844318,0.8919325486473635,-0.5296157755585421,0.1673910440154948
167,-1.3096864743900114,-0.04707886839155156,-0.5650677477401118,-0.07464321951516185,0.12647468472140835,0.9191384659235852,0.45109746452616556,0.5572290973277395,0.03550858615324071,0.34243150184434684,-0.28877220285094407
168,-0.6540930081400764,-1.5479208511270093,1.6646990989380777,-0.8373928105530195,1.168091816750256,-0.5721127413873961,-0.40461741723480016,0.4365313474852708,0.3568551757973748,-0.22270040131956337,-0.8902549566425573
169,-0.9699538509339397,2.7570795695231265,4.433420714718431,0.5294793731303289,-5.160253696573987,1.0495890860015362,-2.3259592632083073,-1.1877397230690312,-2.6596516598500077,-2.890299317929193,-2.6544325535981534
170,3.39710459385919,-2.482162406876425,0.5656199530772222,-1.9651830729176432,0.5700117753770995,-0.8653071989198683,-0.17522563799861293,-0.30659364960534696,-0.14494918792719508,-0.7704600682047734,-0.07096318754438188
171,-0.8454123315285738,0.17702009536905094,-0.005337754050390412,0.5460613338375301,0.4608419990132061,0.452794011437009,0.17843633385880106,0.6562045140033292,0.5371124582114213,-0.16384430657485743,-0.5702618073532931
172,-1.8032161465757228,-0.8277861766781279,-0.2098693723611568,0.25680563913431315,0.18648026120833575,0.41872298810044317,-1.2233015703821908,0.711555649073757,0.13059017927444783,0.584509707454467,0.3340722796783104
173,-0.6546268139798973,-1.8002795282249897,-1.0492833323710125,0.7126086758404311,-0.44053051447540514,0.5792642884259285,0.6278119941215334,-0.573508206977777,-1.2821742247469543,0.5565363880854259,0.7343445855196096
174,-1.701787944719737,-0.012933749789088633,-0.22482285061131563,0.6457906467060764,0.19997590117471462,0.351262145421963,-0.8852862382264506,0.787659606564693,0.7791460275549764,-0.12930768530299702,0.501353659824549
175,-0.6802167189720535,-2.4591631755180776,-0.09319497288183691,1.1296770326253458,0.06902632559785708,0.3714399584861263,-0.17739124661437855,0.5280513928520367,-0.7125533985398185,-0.09673139374748718,0.06650043637008979
176,0.42592709614531393,-2.963342997545646,1.5722672010057566,2.8728496856155026,0.9612765500962367,-1.3423568628913676,-0.619307917229199,0.17996817306340207,-0.6447218204665771,-0.7517830956236212,0.8597786268374843
177,-2.9604082288422453,1.489156170739282,0.13707657862287148,-1.5926836772417938,0.8697798909657933,-0.5615405390121292,0.4362408546560198,-1.273676236720264,0.6376692448785503,-0.8522959258673701,1.009256365581334
178,1.1563585990771204,-4.421189210250238,-1.515167112516376,0.932736611386762,-0.9124994146218122,0.26640378712173823,1.0868319875641659,-2.0253772218697996,-2.8956148959351373,-0.24590879150893744,0.7622535507664169
179,0.25294615742024246,1.5469956922588923,1.26946488073725,2.7831310749143516,0.2437910714600454,-0.5691420994874152,0.6828526885295246,-0.06280389373488551,0.00024324871760845706,0.09999076037527364,0.44978926842488276
180,2.0019565627922957,0.3039719381987873,-0.6215788468689798,-0.5726818696187003,-0.03704792593900026,0.6860777297345444,0.7449776221076703,0.1632421239792616,-0.2331010591865097,1.25686554576327,-0.03135188019909521
181,-0.4628878831460625,-1.5489882371741794,0.7140035134162933,-0.547173181687119,0.6619024101724033,0.18401341774960897,0.17910423739354042,0.7036804882561529,0.3711419863015796,-0.3414061499666598,-0.4913468039335276
182,-0.4969410066678724,-0.7602752318219482,-1.09931018191754,1.5245743090685926,-0.5391289647898079,0.05745387663810073,-0.26520691628248017,-0.3043647600200907,-0.21869920387231098,1.248115194382712,0.6438923676357368
183,6.00490608115687,1.3353925907122741,-0.521908744621203,-1.2671466468348667,0.2553425675561092,-0.8736003668411505,-1.1490916817598258,-0.38188193939018217,0.08820869636873457,0.04478045221139844,0.9521916788619009
184,-3.0604346019020774,2.3807880559310415,-1.3703642834146748,-0.491447462641609,-0.3142767158871857,-2.596819163066093,1.8841535124081465,0.7086191156432429,-0.7569725708483593,-0.28572169402912817,-0.1872214648991597
185,-1.5087863709679883,-0.9209032772265194,0.8399292679197413,-0.5796288910034798,0.9450945059477127,0.04181085039799706,-0.06917415110116767,0.23635791440437198,0.036007481521963855,0.24761661936231558,-0.5533613870275098
186,-1.941460271086258,0.971418235903919,0.3249158979588416,0.4350387026751556,0.8546140677160923,-0.07945314466133954,-0.5068394062154327,-0.08584488427475563,0.06785337930434668,-0.020800989858691728,0.20570199268153141
187,1.2653404022575445,0.3375269518351908,-1.4239829534295334,0.6047373586119307,-0.4986888506720369,1.334311082801846,1.0729518448283746,0.787051741247037,1.0028158191712666,-1.4076483093847172,-0.0907523876688734
188,5.448685271257444,1.5997067179069544,-1.4748920823509606,-1.8110639055785436,-0.633783079109051,0.27806711667954226,0.2685140124361136,-0.4047042066972977,0.7392291160044676,-1.2122802874039758,0.834695944966968
189,0.43633072983258236,0.905390015126503,0.5332110765823598,-0.7489820841183197,0.3092634290258309,-0.015720823382935317,-1.896817131825524,-0.15898080852033772,-0.9079413324285054,0.9709738894756995,-0.9606175362876328
190,-2.2889925428568696,-0.9979868371450584,0.8841254504772262,-0.6793573147819131,0.5279007531404717,-0.1787521777259006,-0.3447002232417548,-0.5405697583063548,-0.3104509477395046,-0.15300665068112737,0.4155634597890968
191,-0.09559694957114585,-1.4896183879911964,0.047212789218920866,0.8192512312966801,0.14082892416716622,0.1370800270369039,0.6201386904836685,0.1272534116049854,-0.36680122489022443,-0.6329886139585041,-0.11493682447814506
192,2.7290549326213602,0.8621669972862159,-0.16923484883067857,-0.14147284705712282,-1.030443048577729,0.7345410042341449,0.43303589511836604,0.2340650762289712,0.23065727793563723,-0.8123555127572312,0.08458836851708501
193,-0.2303640628252597,0.3825587474103407,-0.7293537826023325,1.4012833146324877,-0.06539951602889912,1.4453417980679537,-0.6771299877811648,1.5199459909554223,-0.04323826535708693,0.3006943941702369,0.03635723163001515
194,2.5382003453763957,1.3851998911368593,0.9627116753911125,-0.16044012670025887,1.491399361984107,-1.572119427035653,-2.587582186762808,-0.38856277909465803,-0.618093428289047,0.5745561428021305,-0.7545396634009098
195,-2.951422041017951,1.4509814638675325,-0.08281848028918881,-0.33794990615543335,0.4487436249539665,0.376031502485469,-0.8769868914990039,-0.38948397833575366,-0.05279362751024382,0.09849092719513608,0.8819937246753092
196,-3.098280647698768,1.4094851976016327,0.2077667843950605,-0.4144311337101897,0.8129112130933588,-0.18754484779681468,-0.36682719087671883,-0.7446347538998733,0.19459392959161162,-0.10633954865677205,1.1180668105828835
197,0.711516531106641,-1.0900395858376066,0.15702906428343294,-0.34392366998534174,0.1966715707837583,0.3532027143651358,1.0335922470458891,0.3723819082626968,0.41581706734864154,-0.38120954093957526,-0.017068015709822266
198,-2.770077781556951,-0.16906887291476969,0.2992993457576817,-0.7745141407038576,0.5253853428528719,0.10826200839068878,-0.1608909965208455,0.16892291960667213,0.08650778429613555,0.2592171410367732,0.5891291684427165
199,2.0412576280535695,0.4825666312479892,-0.3985216061899434,0.6679132279017249,0.1679474487034994,0.4103613038643556,-0.13881027296321388,0.5998125052196761,0.12617552331775778,-0.18355504851010832,-0.5077674091886009
200,3.5353381302233102,0.7855638046002416,-0.6685699207928852,-0.5270601345148911,-0.5050022857969082,0.5284703446296468,-0.8494916566357933,0.4532369036405732,0.16232369897725407,-0.7278681147113051,-0.01836403304386027
201,-0.3338859887456582,-1.1442950327324233,1.7143353633088925,0.47792728748409946,0.7210981394285055,-0.7615219102774278,0.48239536088907137,0.13458809834646585,0.28949964664027006,-0.27000200564439925,-0.3674208816955258
202,2.7574650997903065,-2.150783680264871,0.7165547147976905,-1.9820113382992235,0.6155416721802426,-0.2682851727226973,0.6769056494798776,0.3678881509915425,0.7533847096593775,-0.5658835598060571,-0.1279366924223937
203,0.14620236259579678,-4.839016262524821,-0.1437708452357527,0.8639398595077937,-0.22109929890845023,-0.830193593486203,1.088072604452699,-1.78551586921627,-1.2890300423909327,-1.5142755150185887,0.28684172410227915
204,-0.5364018577169839,-0.7793467901689459,1.3286638403788864,2.296879878987234,1.1311313287938676,-0.9632638462994597,-1.5159745464765642,0.7127841374884025,-0.39038651492801,0.18587648564381554,0.6738055509716075
205,-0.0557829349095598,-1.3251740555013123,0.30954356874298455,0.5530560758894931,0.33230288762198834,-0.01797515463286255,0.8452325324057341,-0.20923761288844686,-0.33408023525463837,-0.10115763962348202,0.2614839822317065
206,-0.4438343462330963,-1.0703998321083232,1.1175624996802602,-0.4995968247509382,0.20197219658666693,-0.0008767627635785974,0.4546478810433639,0.29578127963470807,0.276448058878833,0.061097893143156265,-0.26611422850840855
207,1.3386090250856129,1.0996842919113754,0.07036364361961168,1.1039541909546629,0.38232008531457007,-0.015413898832653594,-0.05450070317476576,0.28476769615747716,0.3033229908527516,-0.49692543668382977,-0.27465750278000306
208,-1.0896581474053786,1.5116195029948423,-0.9858746108337476,0.2915495370353372,-0.012512082145696551,-0.1266712609420103,1.4639688086446434,-1.1652656876173568,1.1449880068883338,-0.2810272609810445,-1.0643189145571188
209,0.196997941622756,0.7390607886431327,-1.1395730001932172,1.2839811782241972,-0.3127414594479145,0.23367741507538392,0.2155636816928747,0.4319105955438797,0.8462136289770469,0.040778037907762854,-0.9634482521102766
210,2.8657642648345787,-1.5217078341814543,-0.03366391705591995,-0.999971525697765,0.07534501804569296,-0.11072435795212775,0.4352089148423442,-0.3716291971771897,-0.4066344719880321,-0.1299278129618766,-0.0691012250864816
211,-0.19007298551987323,-2.270351039929137,2.986888148958325,-1.219697911000466,1.5350639121206817,-1.5644990753090002,-0.7939633224884195,0.513089832072726,0.9305822613528709,-0.9843089751993955,-0.722971447856736
212,-1.015029046055209,1.8331213230151135,0.6925514514573556,1.8296696931114205,0.9814875916698895,-1.0020286628780546,0.40247445451931513,-0.7045452874916419,0.3345469060654603,0.017375666083694945,1.593939638520441
213,-2.912553952344345,0.1856424633078264,0.5073909693241682,-1.28591186691283,0.4411025607375797,0.1981065638195439,-0.5032991974308674,-0.23542963259826943,0.0929773434106082,0.39111975710786795,0.3809133152383044
214,-3.8180898884519636,1.717801780542568,2.9778047806725962,-1.7988133624533318,-3.81968967319722,0.9756729523159386,-1.1070142532163505,-1.4242717855500182,-1.053701002453166,-0.8240242119884632,0.7215216622615256
215,-1.1197067943748873,0.8190825431468026,0.02341495425250567,0.5572204525985818,0.5310599798659984,0.39886974592801117,-0.2754663320460068,0.33319480792726996,0.19137502245508503,-0.11657088737247946,-0.07000070881112985
216,1.5946653323528919,0.15177338756955114,-0.18909892460930391,0.29222325121509035,-0.061717813489565725,0.5423101801177574,0.09869565005344559,0.8174003615813926,0.6763366096844472,-1.0569983161646652,-0.29891205637695156
217,1.5098403269091274,0.03505345640061454,-1.4464743012924435,-0.13380324563414162,-0.49542858446164006,1.0523082513019606,0.6690277703939628,0.052907960936531606,-0.10373902748739139,0.3418542740059042,0.24522190205243188
218,-0.39500940647000976,1.039025807997518,0.4182772056090271,1.7055025026551467,0.23547773557407906,0.21070627041266607,0.5711899671701068,0.282212766725063,0.007940972878629762,0.1582312181015938,-0.5309211140838871
219,0.35107471237955534,-0.616642747832682,1.1726755482393125,0.7901639341011149,0.30031918232242144,-0.5901493232843485,0.614310025167026,0.4355126412508493,0.6139641251079734,-0.6695299322366084,0.10432424964716942
220,-2.484813310916967,-0.3587192775746931,-0.5600542289822105,0.3120922644610863,0.07309679515492329,1.2617977290693536,-1.1465492894594904,0.9176027844943194,-0.31104145266164424,0.7640039375272111,1.0631643364298442
221,0.5746408332966639,-1.5987060024260018,-0.7930499287482492,0.8878150008635722,-0.295032918558662,-0.17617753495060495,0.7598822735187442,-1.205858747475118,-1.0569115267222873,0.5075669014945713,0.676097638845787
222,-0.11933900894384099,-1.7782458729129584,-0.22125735039536903,0.49537096430126537,0.18118805699551835,0.0123332769152129,1.5938166199563293,-0.7045426800436495,-0.9824669452031096,-0.13547978724205753,-0.5126563603129664
223,0.08045181582622805,1.2364876438638857,-0.22686647515529074,1.2050066127045744,0.33510646330510235,0.4049045703847951,0.17725747982732257,0.4512121380092878,0.38661019389519424,-0.4127955887600635,-0.1563542100651771
224,2.6943506874740444,1.368227876868945,0.12031046505273944,1.2321810925718693,0.27527218853006863,-0.41388874024987093,0.8230980555056675,-0.24690473679218924,-0.19392047546546037,0.9988283069193287,0.23681742649174728
225,2.9146852699704735,1.080923639587185,-0.23627318100820402,-0.4339193174599977,0.21818144442555773,-0.006403424366089746,-1.1238190814659763,-0.08901775703288069,-0.5156827765235842,0.35208530408285965,-0.8061548375845982
226,1.7625181910522127,0.8487120525453464,-0.24030326347570805,-0.6545261214731622,0.39141673054593457,0.2173882422795922,-1.546778000386154,0.18613564168043467,-0.49596599854112056,0.3216376112157361,-1.131059408894972
